"","1","pred1","pred2","pred3","pred4"
-11.5382788784685,7.31033477678451,0.821267674608493,1.09369693485196,0.979972758729724,0.900389537363415
-5.00864172873864,0.821267674608493,5.79128361448019,0.218894875840054,-0.034502904487833,0.0214458993102562
-3.65562127566538,1.09369693485196,0.218894875840053,4.57741947608988,2.50993768417637,-0.544861626908977
-6.11705189964798,0.979972758729724,-0.0345029044878329,2.50993768417637,6.54156829277319,0.011363932557379
-3.44047861049275,0.900389537363415,0.0214458993102563,-0.544861626908977,0.0113639325573791,5.64376151995407
