"","1","pred1","pred2","pred3","pred4"
-31.6666354594853,24.0809944410607,-1.11446717717423,2.8558695016945,-0.15695412892856,-0.96121209495218
-11.6583858185089,-1.11446717717423,28.2460853484542,-1.65135822004789,0.180248824060554,1.77965932221001
-14.8224264362234,2.8558695016945,-1.65135822004789,21.849381542666,1.25639263150474,-2.17113378590999
-9.01124875609841,-0.15695412892856,0.180248824060553,1.25639263150474,24.432642054713,0.0285810618544335
-3.49803590071829,-0.96121209495218,1.77965932221001,-2.17113378590999,0.0285810618544337,31.0540840468808
