"","1","pred1","pred2","pred3","pred4"
-12.6921185366499,14.2858002056107,-0.938175615439486,-3.36490031258856,-0.00744837734547337,0.0040838480011774
-11.4196350629486,-0.938175615439486,14.7456437271865,0.889901600842511,4.05639852451393,1.53012837026355
-3.41120078476144,-3.36490031258856,0.889901600842511,17.3192127328948,2.54592710302301,0.916946440004705
-3.52212806340033,-0.00744837734547337,4.05639852451393,2.54592710302301,18.5177860221877,-4.25088394945292
-8.42372992459832,0.0040838480011774,1.53012837026355,0.916946440004705,-4.25088394945292,15.2945787555426
