"","coefs_scaled","std_error_scaled","coefs","std_error","two_sided_pvalue"
"intercept",-0.316007817764744,0.166974537988178,NA,NA,NA
"V1_1",NA,NA,0.715748953612504,0.175137093354532,4.37378032147606e-05
"V2_1",NA,NA,1.09832801270327,0.214517865884141,3.05561794089471e-07
"V3_1",NA,NA,-1.05558442139103,0.200562243281861,1.41626198768563e-07
