"","coefs","std_error","two_sided_pvalue"
"V1_2",1.18586440174847,0.198914875595682,2.49676390673415e-09
"V2_2",-1.07710047683254,0.203677000792807,1.234736404232e-07
"V3_2",-0.213602265884294,0.16116516033466,0.185050936010738
"V4_2",0.771104389192441,0.176790555223736,1.2906567884885e-05
"V5_2",0.450109904878428,0.176051524618779,0.0105672080204711
"V6_2",-0.934768739805569,0.186796423419973,5.60912566616167e-07
